country,year,wage_usd
Afghanistan,2014,75.3337001615791
Afghanistan,2020,124.42757414283172
Albania,2010,22.502482280876105
Albania,2015,249.44890641332614
Albania,2016,259.58671687778156
Albania,2017,269.6769017632242
Albania,2018,317.56889194132026
Albania,2019,330.73030852443947
Albania,2020,348.33870225494707
Albania,2021,405.1874034003091
Albania,2022,420.0044231478056
Angola,2019,157.76587679431114
Angola,2021,89.44524117767196
Antigua and Barbuda,2018,873.9107407407407
Argentina,2010,685.2591742020749
Argentina,2011,829.4784001328292
Argentina,2012,926.4103613406334
Argentina,2013,998.6379951774912
Argentina,2014,873.9895709175843
Argentina,2017,966.3349156836964
Argentina,2018,718.623206567955
Argentina,2019,570.8598247725276
Argentina,2020,562.9209682564058
Argentina,2021,583.6502276669243
Argentina,2022,678.584497906276
Argentina,2023,683.2788837096257
Armenia,2010,205.87591636706728
Armenia,2011,225.67073787153893
Armenia,2012,223.7943729516807
Armenia,2013,233.68430126895362
Armenia,2014,236.1767618409674
Armenia,2015,212.04069525188595
Armenia,2016,213.26206657560516
Armenia,2017,220.5647588452876
Armenia,2019,247.77152451409498
Armenia,2020,255.501070798641
Armenia,2021,264.64397645640054
Armenia,2022,315.71619148811254
Armenia,2023,387.87432556460243
Aruba,2010,2031.2849162011173
Australia,2010,4261.0526789948535
Australia,2011,5066.448104906787
Australia,2012,5301.967835453179
Australia,2013,4853.710003849318
Australia,2014,4773.196512167162
Australia,2015,4061.51645195638
Australia,2016,4343.792960946331
Australia,2017,4526.768682563951
Australia,2018,4329.453386467493
Australia,2019,4163.427009832064
Australia,2020,4074.9808285381578
Australia,2021,4607.796887639068
Austria,2010,5000.0013913001285
Austria,2011,5137.013644805494
Austria,2012,4752.384475296095
Austria,2013,5243.9000943800565
Austria,2014,5803.1969810626315
Austria,2015,4652.815534686716
Austria,2016,4892.16087046824
Austria,2017,5071.494650747113
Austria,2018,5189.603031245394
Austria,2019,5395.409272180287
Austria,2020,5410.769146059066
Austria,2021,5889.662353585177
Austria,2022,5184.962974684845
Austria,2023,5526.3077289334315
Azerbaijan,2010,399.3023110944995
Azerbaijan,2011,448.9123846984263
Azerbaijan,2012,507.6081724061721
Azerbaijan,2013,559.9451881464297
Azerbaijan,2014,631.6078013890527
Azerbaijan,2015,515.2436485086886
Azerbaijan,2016,340.2222601277222
Azerbaijan,2017,321.87691617457693
Azerbaijan,2018,325.93798100018563
Azerbaijan,2019,371.4117647058824
Azerbaijan,2020,379.47058823529414
Azerbaijan,2021,403.0588235294118
Azerbaijan,2022,450.7647058823529
"Bahamas, The",2019,5677.772
Bahrain,2010,728.7234042553191
Bahrain,2019,1158.6728723404256
Bahrain,2020,1251.308510638298
Bangladesh,2013,146.92772969006984
Bangladesh,2016,158.01327312343832
Bangladesh,2017,140.33816506699551
Bangladesh,2022,152.51337611714757
Bangladesh,2023,134.62493111105093
Barbados,2016,1000.9
Belgium,2010,6239.439091583495
Belgium,2011,6721.575138025351
Belgium,2012,6468.705396703127
Belgium,2013,6995.853802860467
Belgium,2014,7005.1540801680985
Belgium,2015,5950.932302563278
Belgium,2016,6007.922528920803
Belgium,2017,6450.001662509481
Belgium,2018,6941.704932534773
Belgium,2019,7118.093590525351
Belgium,2020,7293.374465301063
Belgium,2021,7654.944845027009
Belgium,2022,6916.0991162724
Belgium,2023,7963.384494688376
Belize,2014,631.6015
Belize,2015,534.1645
Belize,2016,558.0975
Belize,2017,490.129
Belize,2018,588.278
Belize,2019,560.513
Belize,2020,390.0
Benin,2011,126.4277872622053
Benin,2019,74.21536582765462
Benin,2022,103.79655529656607
Bermuda,2010,4788.7
Bermuda,2012,4599.3
Bermuda,2013,5594.8
Bhutan,2018,190.54035005385313
Bhutan,2019,202.74271455291193
Bhutan,2020,193.24018482445587
Bhutan,2021,199.85506153806148
Bhutan,2022,212.2549981083411
Bhutan,2023,218.33855907652125
Bolivia,2011,267.02796793265065
Bolivia,2012,320.44124457308243
Bolivia,2013,339.0070911722142
Bolivia,2014,355.4575976845152
Bolivia,2015,361.15340086830685
Bolivia,2016,391.3982633863965
Bolivia,2017,417.27988422575976
Bolivia,2018,419.95817655571636
Bolivia,2019,414.40926193921854
Bolivia,2020,420.92243125904486
Bolivia,2021,397.1322720694646
Bolivia,2022,411.86657018813315
Bolivia,2023,417.43617945007236
Bosnia and Herzegovina,2010,393.4106002249783
Bosnia and Herzegovina,2011,410.0447780500002
Bosnia and Herzegovina,2012,385.72273855428256
Bosnia and Herzegovina,2013,397.9291087784445
Bosnia and Herzegovina,2014,410.21003926634324
Bosnia and Herzegovina,2015,342.7773536929122
Bosnia and Herzegovina,2016,370.81982298303103
Bosnia and Herzegovina,2020,605.4390584525686
Bosnia and Herzegovina,2021,668.1530527010526
Bosnia and Herzegovina,2022,656.9994077267226
Bosnia and Herzegovina,2023,759.2139475859827
Botswana,2010,420.3941194870191
Botswana,2011,446.31410646999495
Botswana,2019,353.92573355316057
Botswana,2020,311.4978807040403
Botswana,2021,325.1922063690236
Botswana,2022,424.8579053358021
Botswana,2023,360.4940284364846
Brazil,2011,756.426499738109
Brazil,2012,703.8733776015343
Brazil,2013,686.2257987491943
Brazil,2014,689.8300626976907
Brazil,2015,540.2268274702338
Brazil,2016,582.4412633466716
Brazil,2017,674.5068366680699
Brazil,2018,620.3071509405341
Brazil,2019,604.3301982010934
Brazil,2020,499.26163690663356
Brazil,2021,459.50794104275326
Brazil,2022,518.8120475166862
Brazil,2023,587.1748123361848
Brunei Darussalam,2014,752.1095683082629
Bulgaria,2010,252.5586196393413
Bulgaria,2011,239.02876610872522
Bulgaria,2012,281.2404323116849
Bulgaria,2013,281.8135136969252
Bulgaria,2014,287.8807475325328
Bulgaria,2015,254.00022670596238
Bulgaria,2016,295.75547333443257
Bulgaria,2017,310.53525725672915
Bulgaria,2018,333.99160149865406
Bulgaria,2019,380.00238498413916
Bulgaria,2020,352.95766168188067
Bulgaria,2021,459.7820138773412
Bulgaria,2022,454.42345341080573
Bulgaria,2023,513.3317363504017
Burkina Faso,2018,146.12359080307573
Burkina Faso,2019,168.183256131533
Burkina Faso,2022,87.81281624956941
Burkina Faso,2023,107.64331057086204
Burundi,2014,26.923475127476742
Burundi,2020,249.43649977115413
Cabo Verde,2015,150.04855798095988
Cambodia,2010,83.51569621059753
Cambodia,2011,89.99302180608599
Cambodia,2012,102.28562484502851
Cambodia,2013,114.25870755478304
Cambodia,2014,141.9052495356037
Cambodia,2015,158.81225050703705
Cambodia,2016,182.17082897844972
Cambodia,2019,252.30745198013108
Cambodia,2020,245.2128554815224
Cambodia,2021,256.1538785364277
Cameroon,2014,167.50544244251708
Canada,2010,3931.1910839624647
Canada,2011,4118.7671432667275
Canada,2012,4114.986071266183
Canada,2013,4091.6766524586496
Canada,2014,3913.422242328447
Canada,2015,3425.219937141743
Canada,2016,3335.329981816529
Canada,2017,3452.370170852468
Canada,2018,3557.4828067346593
Canada,2019,3595.640537751232
Canada,2020,3713.3132589163847
Canada,2021,3982.508164501636
Canada,2022,4076.300977072108
Canada,2023,4190.686561331301
Chad,2018,126.39710081590869
Chile,2010,715.9053945866312
Chile,2011,814.4038931704115
Chile,2012,873.0890086204652
Chile,2013,826.4692949590122
Chile,2014,814.2467704260031
Chile,2015,724.2721853609245
Chile,2016,785.3444634613479
Chile,2017,827.7326738013052
Chile,2018,968.740973230355
Chile,2019,1276.3219713207432
Chile,2020,802.8704516508907
Chile,2021,891.5423251833049
Chile,2022,813.2771899328194
Chile,2023,1026.2870423328534
China,2010,247.282197044265
China,2011,311.30728767728897
China,2012,372.4851120025756
China,2013,430.87267948208887
China,2014,483.61925175780516
China,2015,521.1839266894243
China,2016,528.195456450518
China,2017,554.7249385585487
China,2018,620.6584912694402
China,2019,637.6067624588375
China,2020,699.3183238282356
China,2021,826.3069481683251
China,2022,833.1406071193519
Colombia,2010,415.209183266434
Colombia,2011,447.7249068821521
Colombia,2012,473.8203014997113
Colombia,2013,486.10556184269313
Colombia,2014,473.9452342580724
Colombia,2015,340.33394939665106
Colombia,2016,326.9729403928641
Colombia,2017,357.3415670580138
Colombia,2018,368.2084143250469
Colombia,2019,355.1879275426081
Colombia,2021,317.2281654530629
Colombia,2022,345.7371276725507
Colombia,2023,368.7375728596345
Comoros,2014,214.8526497691787
Comoros,2021,147.32139270429747
"Congo, Dem. Rep.",2012,163.07265769919414
Costa Rica,2010,647.700606082162
Costa Rica,2011,523.3844774987615
Costa Rica,2012,850.2297036783565
Costa Rica,2013,895.4923513087249
Costa Rica,2014,853.6148719784393
Costa Rica,2015,966.8223875047269
Costa Rica,2016,931.4090086437404
Costa Rica,2017,962.4514594048427
Costa Rica,2018,935.8315168088728
Costa Rica,2019,948.7397467859328
Costa Rica,2020,1098.1730212061268
Costa Rica,2021,900.8251330466309
Costa Rica,2022,865.5485954249457
Costa Rica,2023,985.9269982686519
Cote d'Ivoire,2012,118.97661712301525
Cote d'Ivoire,2013,208.83962655306408
Cote d'Ivoire,2017,167.79401956345976
Cote d'Ivoire,2019,208.3442284817083
Cote d'Ivoire,2022,168.06004595498348
Croatia,2010,203.02052589416184
Croatia,2011,213.6390019610789
Croatia,2012,195.97723201899538
Croatia,2013,191.33232743042416
Croatia,2014,183.56865599944666
Croatia,2015,171.9186030510824
Croatia,2016,173.75061835846998
Croatia,2017,191.25336983990078
Croatia,2018,210.19504579950524
Croatia,2019,210.9907844846458
Croatia,2020,220.4479536042599
Croatia,2021,239.96510108528705
Croatia,2022,222.27492431116403
Croatia,2023,1468.7780032313985
Cuba,2010,
Curacao,2018,1704.8435754189945
Cyprus,2010,2637.2653993167346
Cyprus,2011,3063.644793239327
Cyprus,2012,3083.664974182032
Cyprus,2013,3096.217678698857
Cyprus,2014,2666.7846484030856
Cyprus,2015,2441.1879853914047
Cyprus,2016,2296.5339505284737
Cyprus,2017,2084.6458621882575
Cyprus,2018,2306.9816444023104
Cyprus,2019,2139.2564560862324
Cyprus,2020,2445.2682554521048
Cyprus,2021,2556.661129356548
Cyprus,2022,2409.884959587558
Cyprus,2023,2718.0865880745578
Czechia,2010,56.24902805230846
Czechia,2011,65.62954730611098
Czechia,2012,63.20265611033073
Czechia,2013,61.738118860364516
Czechia,2014,57.49449596531374
Czechia,2015,47.90434473296407
Czechia,2016,50.91617197276307
Czechia,2017,55.14337863080902
Czechia,2018,66.23002849374316
Czechia,2019,70.73017257355907
Czechia,2020,75.41736948115596
Czechia,2021,78.70725537983674
Czechia,2022,81.16008048978892
Czechia,2023,96.14618379214436
Denmark,2010,709.9028729168796
Denmark,2011,815.5504298162035
Denmark,2012,776.9258534150587
Denmark,2013,806.297843324131
Denmark,2014,822.8542411536218
Denmark,2015,697.1035892148868
Denmark,2016,722.4733439734623
Denmark,2017,768.27106577105
Denmark,2018,808.5528473675564
Denmark,2019,816.2176435683187
Denmark,2020,905.8580135487507
Denmark,2021,996.3704991145273
Denmark,2022,914.1787974169556
Denmark,2023,954.0465525341621
Dominican Republic,2010,314.04587980624115
Dominican Republic,2011,301.31781892006416
Dominican Republic,2012,300.32135428166333
Dominican Republic,2013,298.1787072143329
Dominican Republic,2014,317.5607569079918
Dominican Republic,2015,261.87195707615695
Dominican Republic,2016,281.5076421428441
Dominican Republic,2017,281.04048328256187
Dominican Republic,2018,292.70404142078655
Dominican Republic,2019,298.04523292864167
Dominican Republic,2020,311.6446074153048
Dominican Republic,2021,350.51339729767574
Dominican Republic,2022,420.4091964855544
Dominican Republic,2023,438.9194338789407
Ecuador,2010,322.562
Ecuador,2011,359.737
Ecuador,2012,392.144
Ecuador,2013,433.122
Ecuador,2014,471.296
Ecuador,2015,480.333
Ecuador,2016,487.425
Ecuador,2017,477.169
Ecuador,2018,528.12
Ecuador,2019,520.016
Ecuador,2020,467.187
Ecuador,2021,489.172
Ecuador,2022,531.565
Ecuador,2023,522.142
"Egypt, Arab Rep.",2010,148.20285659430542
"Egypt, Arab Rep.",2011,164.56301402092177
"Egypt, Arab Rep.",2012,197.3382576951181
"Egypt, Arab Rep.",2013,200.72660318107222
"Egypt, Arab Rep.",2015,230.87028455465142
"Egypt, Arab Rep.",2016,191.22627019462502
"Egypt, Arab Rep.",2017,116.38847739253634
"Egypt, Arab Rep.",2018,123.44082569324522
"Egypt, Arab Rep.",2019,146.25014343445943
"Egypt, Arab Rep.",2020,164.58274896247562
"Egypt, Arab Rep.",2021,176.1035633160434
"Egypt, Arab Rep.",2022,162.08526745441966
"Egypt, Arab Rep.",2023,118.40455874966275
El Salvador,2010,257.3
El Salvador,2011,262.92
El Salvador,2012,282.651
El Salvador,2013,282.116
El Salvador,2014,282.675
El Salvador,2015,293.967
El Salvador,2016,300.061
El Salvador,2017,323.898
El Salvador,2018,332.529
El Salvador,2019,341.681
El Salvador,2021,363.84
El Salvador,2022,401.383
El Salvador,2023,423.838
Estonia,2010,81.18822067746763
Estonia,2011,1382.098817772386
Estonia,2012,1382.5675137480473
Estonia,2013,1573.8371420051149
Estonia,2014,1866.8132876199636
Estonia,2015,1596.5812830191398
Estonia,2016,1656.844679489933
Estonia,2017,1644.9942825670764
Estonia,2018,1922.8844567701606
Estonia,2019,1890.94357611761
Estonia,2020,2201.2620428933537
Estonia,2021,2323.987724596862
Estonia,2022,2105.1000392042884
Estonia,2023,2464.636140531416
Eswatini,2016,193.28451460245387
Eswatini,2021,242.26196186376598
Eswatini,2023,251.12194289935886
Ethiopia,2013,59.74543233433838
Ethiopia,2021,88.4150455012084
Fiji,2011,421.60411905038427
Fiji,2016,387.32829181673094
Finland,2010,5214.645525366801
Finland,2011,5531.573104931956
Finland,2012,5489.612917470704
Finland,2013,5893.5052053671225
Finland,2014,6107.696003331254
Finland,2015,5067.870992914842
Finland,2016,5213.118497067472
Finland,2017,5262.0402341447625
Finland,2018,5408.725597675978
Finland,2019,5409.404942501855
Finland,2020,5330.925069259068
Finland,2021,5648.577299740219
Finland,2022,5329.90774838329
Finland,2023,5688.139041866767
France,2010,2567.231764966733
France,2011,2780.7382398152
France,2012,2626.9341644285164
France,2013,2764.448480030618
France,2014,2776.742001319162
France,2015,2326.891514963671
France,2016,2376.153491435091
France,2017,2422.011589367085
France,2018,2554.339652207796
France,2019,2510.3611366117157
France,2020,2593.894239736928
France,2021,5633.991746236343
France,2022,4858.95912424321
France,2023,5225.346337900092
"Gambia, The",2012,94.05955689420986
"Gambia, The",2018,76.56275533656407
Georgia,2010,286.47705967336924
Georgia,2011,327.44351994169944
Georgia,2012,377.28802781717053
Georgia,2013,410.6171280848889
Georgia,2014,408.1432886539543
Georgia,2015,342.1877857381541
Georgia,2016,330.90494248381196
Georgia,2017,199.07499709442268
Georgia,2018,197.41520118989823
Georgia,2019,196.40898534319564
Georgia,2020,181.94144986892942
Georgia,2021,174.23089757286215
Georgia,2022,223.01351073314586
Georgia,2023,290.75575145471015
Germany,2010,3870.592871483433
Germany,2011,4156.926815583694
Germany,2012,3873.5414865527355
Germany,2013,4115.244134765927
Germany,2014,4272.733522015211
Germany,2015,3848.1268870933573
Germany,2016,3764.122549591164
Germany,2017,4005.0394703612196
Germany,2018,4371.624337665801
Germany,2019,4253.738941270505
Germany,2020,6329.38150887773
Germany,2021,6135.502023476645
Ghana,2013,194.99331264037147
Ghana,2015,259.12243666392203
Ghana,2017,136.23502099359476
Ghana,2022,153.3069000531889
Greece,2010,1359.8180764833683
Greece,2011,1406.8241189299736
Greece,2012,1190.292465058594
Greece,2013,1163.7926504596205
Greece,2014,1135.0232440893897
Greece,2015,939.7418851789057
Greece,2016,929.2761565167596
Greece,2017,955.8932836447162
Greece,2018,1018.9582558760595
Greece,2019,961.1069287999812
Greece,2020,982.8517563781961
Greece,2021,2330.3414055425983
Greece,2022,1997.5490226459222
Greece,2023,2120.2250509725864
Guam,2010,2203.65
Guam,2011,2169.07
Guam,2012,2326.249
Guam,2013,2112.486
Guam,2014,2255.519
Guam,2015,2252.375
Guam,2016,2326.249
Guatemala,2010,275.7688256419141
Guatemala,2011,284.49363992643487
Guatemala,2012,316.92150267333784
Guatemala,2013,352.590641467096
Guatemala,2014,371.1566731474737
Guatemala,2015,369.5940398298326
Guatemala,2016,379.6382744177324
Guatemala,2017,374.9710080258903
Guatemala,2018,389.1727555061388
Guatemala,2019,388.98809208017565
Guatemala,2021,352.88569468863426
Guatemala,2022,420.6621661844337
Guatemala,2023,344.7590534059685
Guinea,2019,115.74430869402651
Guinea-Bissau,2019,131.16174857826488
Guinea-Bissau,2022,93.7412579148423
Guyana,2018,336.6283896333141
Guyana,2019,361.22075299760195
Honduras,2010,307.8039809262719
Honduras,2011,367.4140164762376
Honduras,2012,352.4218063005512
Honduras,2013,308.9048450666507
Honduras,2014,316.06932652070225
Honduras,2015,332.28083166345226
Honduras,2016,322.98309876081555
Honduras,2017,329.07128950563936
Honduras,2018,323.6625503714355
Honduras,2019,345.42189680902476
Honduras,2020,355.6801927278188
Honduras,2021,449.7105385480708
Honduras,2022,445.6767244954371
Honduras,2023,556.0826516227752
"Hong Kong SAR, China",2010,1415.8532661160566
"Hong Kong SAR, China",2011,1541.623843782117
"Hong Kong SAR, China",2012,1547.1061594163984
"Hong Kong SAR, China",2013,1676.1217122227952
"Hong Kong SAR, China",2014,1741.018173220562
"Hong Kong SAR, China",2015,1806.0437965620665
"Hong Kong SAR, China",2016,1932.4293858095268
Hungary,2010,3.316943249990978
Hungary,2011,3.5960110417547435
Hungary,2012,3.270361499305872
Hungary,2013,3.368913028900959
Hungary,2014,3.3027880281740556
Hungary,2015,2.6656618903994347
Hungary,2016,2.68263021419184
Hungary,2017,3.0045657718936027
Hungary,2018,3.2736743417197594
Hungary,2019,3.128603867061171
Hungary,2020,3.2566781025768643
Hungary,2021,2.6366952654019475
Hungary,2022,2.6304964047280923
Hungary,2023,3.04951452186186
Iceland,2010,22.144812591631673
Iceland,2011,26.27881707482461
Iceland,2012,26.903485925921732
Iceland,2013,25.238714820284653
Iceland,2016,39.27957282227226
Iceland,2017,52.54165562610469
Iceland,2018,62.40765463635249
Iceland,2019,58.418004075825365
India,2010,166.2035652828673
India,2012,173.81461240820238
India,2018,186.79790240983328
India,2019,193.9396898120207
India,2020,197.48504094479028
India,2021,198.0015079212712
India,2022,193.79925863034873
India,2023,195.46308024307794
Indonesia,2010,126.48531932837821
Indonesia,2011,130.92086791606653
Indonesia,2012,136.3982027271948
Indonesia,2013,139.75080506708574
Indonesia,2014,133.86547759969497
Indonesia,2015,123.85883629581502
Indonesia,2016,156.9327667605539
Indonesia,2017,181.9894898958399
Indonesia,2018,174.12788517553776
Indonesia,2019,186.5000171235447
Indonesia,2020,180.9532762194337
Indonesia,2021,186.1965864613985
Indonesia,2022,188.69208976981014
Indonesia,2023,194.40350633994734
Ireland,2010,4967.569058766794
Ireland,2011,5448.279894552577
Ireland,2012,5026.712552514845
Ireland,2013,5771.022175436533
Ireland,2014,6173.047613913214
Ireland,2015,5129.006262701169
Ireland,2016,4637.894156417649
Ireland,2017,5188.899026374173
Ireland,2018,5477.061530385781
Ireland,2019,5303.973952643034
Ireland,2020,5613.66657846062
Ireland,2021,6176.695685736335
Ireland,2022,5856.823801542825
Ireland,2023,5594.657962680491
Isle of Man,2013,3489.1864187207275
Isle of Man,2014,4157.29608737033
Isle of Man,2016,3003.1697268002213
Israel,2010,2505.499501868828
Israel,2011,2673.7435070803754
Israel,2013,2935.948358031903
Israel,2014,3167.4783568688554
Israel,2015,2861.198061832685
Israel,2016,3147.972955379846
Israel,2018,3433.170990228463
Israel,2021,4001.3023070216477
Italy,2010,1715.4535037667108
Italy,2011,1833.1939324513783
Italy,2012,1707.9068403949223
Italy,2013,1783.1126857984507
Italy,2014,1835.403543576435
Italy,2015,1571.869102406249
Italy,2016,1593.2110333389583
Italy,2017,1636.2844406964882
Italy,2018,1723.5263450156542
Italy,2019,1655.4464403372226
Italy,2020,1686.0493596373299
Italy,2021,4014.28093215885
Italy,2022,3813.315524134256
Italy,2023,3992.8179608863447
Jamaica,2010,298.025647849439
Jamaica,2011,388.21063625615045
Jamaica,2012,299.5482838810338
Jamaica,2013,383.6295624072142
Jamaica,2014,322.903993073898
Japan,2010,3329.920440192014
Japan,2011,3622.4883551333287
Japan,2012,3650.8126000483066
Japan,2013,2970.419023921098
Japan,2014,2750.4894262456837
Japan,2015,2430.5206170853717
Japan,2016,2711.574007798359
Japan,2017,2617.5456975532297
Japan,2018,2680.5966081247825
Japan,2019,2693.339141751059
Japan,2020,2793.73605290087
Japan,2021,2686.9100886765254
Jordan,2016,516.9014084507043
Jordan,2017,468.3521126760563
Jordan,2018,424.7380281690141
Jordan,2019,424.7718309859155
Jordan,2020,432.3591549295775
Jordan,2021,448.51690140845074
Jordan,2022,463.39295774647894
Jordan,2023,462.16901408450707
Kazakhstan,2010,534.5186793797293
Kazakhstan,2011,614.5443178265949
Kazakhstan,2012,694.2543381674909
Kazakhstan,2013,748.8649448111511
Kazakhstan,2014,711.3751569548422
Kazakhstan,2015,619.6095822966552
Kazakhstan,2016,448.82803366845917
Kazakhstan,2017,511.4677205767267
Kazakhstan,2018,539.709462416022
Kazakhstan,2019,547.1129233237882
Kazakhstan,2020,567.8510889043157
Kazakhstan,2022,760.444623124314
Kenya,2019,130.60649496929003
Kiribati,2019,332.74023112741116
"Korea, Rep.",2010,2398.5784203517633
"Korea, Rep.",2011,2641.6368394140904
"Korea, Rep.",2012,2712.302021642273
"Korea, Rep.",2013,2964.2756847712176
"Korea, Rep.",2014,3338.4179932373395
"Korea, Rep.",2015,3155.7470362371537
"Korea, Rep.",2016,3112.5957609943425
"Korea, Rep.",2017,3234.303540890415
"Korea, Rep.",2018,3500.3893361288883
"Korea, Rep.",2019,3404.9637128520644
"Korea, Rep.",2020,3312.8130032852864
"Korea, Rep.",2021,3549.100996399896
"Korea, Rep.",2022,3393.8683750006367
Kyrgyz Republic,2013,232.85408686498494
Kyrgyz Republic,2014,226.99121712257707
Kyrgyz Republic,2015,199.1604113492989
Kyrgyz Republic,2016,200.87517203037444
Kyrgyz Republic,2017,215.00967681931147
Kyrgyz Republic,2018,228.61601929047254
Kyrgyz Republic,2019,241.4695107179602
Kyrgyz Republic,2020,252.11351053469448
Kyrgyz Republic,2022,321.923633426776
Lao PDR,2010,136.59410408282343
Lao PDR,2017,221.6812491221056
Lao PDR,2022,150.36413584292237
Latvia,2010,1396.186436684104
Latvia,2011,1468.3241338032863
Latvia,2012,1473.155657142857
Latvia,2013,1594.2600783918638
Latvia,2014,1175.2090643140948
Latvia,2015,1058.470859604687
Latvia,2016,1142.8033014992561
Latvia,2017,1208.7588588235424
Latvia,2018,1456.9553882901691
Latvia,2019,1562.8233583450674
Latvia,2020,1679.413200244334
Latvia,2021,1827.5525860271023
Latvia,2022,1595.1022654649869
Latvia,2023,1903.389602960818
Lebanon,2019,651.7992782752902
Lesotho,2019,116.13644818441865
Liberia,2010,3.347784883992346
Liberia,2017,1.577439962143613
Lithuania,2010,256.9157181225224
Lithuania,2011,259.8492604086897
Lithuania,2012,260.91842844069396
Lithuania,2013,279.79418238439615
Lithuania,2014,316.830611950582
Lithuania,2015,963.3822763394527
Lithuania,2016,1092.400468256064
Lithuania,2017,1129.9884497506005
Lithuania,2018,1262.865514603898
Lithuania,2019,1326.6131173019348
Lithuania,2020,1442.8541063159328
Lithuania,2021,1614.090432124005
Lithuania,2022,1459.284264313235
Lithuania,2023,1836.8634693882677
Luxembourg,2010,6718.53718631684
Luxembourg,2011,6872.767925642085
Luxembourg,2012,6518.35862450508
Luxembourg,2013,6695.793422378503
Luxembourg,2014,4179.463467450899
Luxembourg,2015,5567.188407621481
Luxembourg,2016,6610.467452201755
Luxembourg,2017,6578.949120397718
Luxembourg,2018,3832.3768893991446
Luxembourg,2019,7209.865871890055
Luxembourg,2020,7456.256199221682
Luxembourg,2021,8331.119845778936
Luxembourg,2022,6808.174267447497
Luxembourg,2023,8460.399350713875
"Macao SAR, China",2010,662.3164831411294
"Macao SAR, China",2011,785.7116874613513
"Macao SAR, China",2012,876.1100862361416
"Macao SAR, China",2013,1001.3448896321839
"Macao SAR, China",2014,1051.692041032516
"Macao SAR, China",2015,1252.354360971837
"Macao SAR, China",2016,1250.771687044291
"Macao SAR, China",2017,1370.5455556260208
"Macao SAR, China",2018,1337.8742740702958
Madagascar,2012,54.25004297711423
Madagascar,2015,48.82772391419836
Malawi,2013,102.47796984589077
Malaysia,2011,506.535449367518
Malaysia,2012,552.3178973547091
Malaysia,2014,615.0584369511922
Malaysia,2015,521.8281558685829
Malaysia,2016,566.0149036474521
Malaysia,2017,568.0812896925605
Malaysia,2018,635.6672307634019
Malaysia,2019,631.5073294215977
Malaysia,2020,604.7367470902811
Maldives,2016,593.5966294539467
Maldives,2019,671.9519457789311
Mali,2013,132.3915201432965
Mali,2014,104.04354101026304
Mali,2015,66.64025616279142
Mali,2016,73.40719847106702
Mali,2017,81.61384679268173
Mali,2018,88.46890687125307
Mali,2019,91.1984820185495
Mali,2020,84.45764945467087
Mali,2022,86.54846236641868
Malta,2010,2162.200134683389
Malta,2011,2028.174848414415
Malta,2012,2152.673698035938
Malta,2013,2318.0520696337503
Malta,2014,2351.0544805038758
Malta,2015,2036.183604439452
Malta,2016,2041.846613295003
Malta,2017,2084.6978275223755
Malta,2018,2204.3673260909395
Malta,2019,2286.5781821019164
Malta,2020,2510.8805687345944
Malta,2021,2771.628911674374
Marshall Islands,2019,599.748
Mauritania,2019,1629.3518453746365
Mauritius,2010,348.991534673406
Mauritius,2011,391.6390156047788
Mauritius,2012,396.51185472554204
Mauritius,2013,380.2689728983222
Mauritius,2014,437.9415412968067
Mauritius,2015,410.6833501156697
Mauritius,2016,418.72243686204996
Mauritius,2017,453.66818689008545
Mauritius,2018,510.58228437472843
Mauritius,2019,463.7200521891679
Mauritius,2020,444.9673587437568
Mauritius,2021,469.2337483330192
Mauritius,2022,442.6912524168073
Mauritius,2023,341.9432050451513
Mexico,2010,376.71952047093026
Mexico,2011,389.69390239730507
Mexico,2012,386.83048847238183
Mexico,2013,411.2449441779821
Mexico,2014,405.35747736497035
Mexico,2015,353.03564217327585
Mexico,2016,312.6441150035702
Mexico,2017,323.04803401928984
Mexico,2018,335.77448955775253
Mexico,2019,358.7149360885544
Mexico,2020,332.3359008142277
Mexico,2021,379.51968377379995
Mexico,2022,414.4980337699697
Mexico,2023,520.8374666712957
Moldova,2010,162.92614460140186
Moldova,2011,184.23267677302175
Moldova,2012,202.56242403691695
Moldova,2013,202.1723431525546
Moldova,2014,183.75576948283222
Moldova,2015,155.27506758332936
Moldova,2016,156.28678727019104
Moldova,2017,178.35362872122988
Moldova,2018,225.6883303695477
Moldova,2019,234.49371500344313
Moldova,2020,256.6519624689155
Moldova,2021,282.7381337063386
Moldova,2022,295.82949171118713
Moldova,2023,356.6160094725723
Mongolia,2010,174.68148067181747
Mongolia,2011,235.93773790529488
Mongolia,2012,275.0455759513252
Mongolia,2013,280.6544655175525
Mongolia,2014,273.1879087691103
Mongolia,2015,259.9824782151358
Mongolia,2016,236.9452257707289
Mongolia,2017,207.61169330094754
Mongolia,2018,209.3926368345229
Mongolia,2019,275.713002431963
Mongolia,2020,267.600258084556
Mongolia,2021,273.7590600752623
Mongolia,2022,336.671296189023
Mongolia,2023,382.12497492045105
Montenegro,2010,926.6759500000018
Montenegro,2011,1021.6951556420254
Montenegro,2012,993.1416433593752
Montenegro,2014,729.3469305882327
Montenegro,2015,720.0738660156246
Montenegro,2017,721.8662717647071
Montenegro,2018,728.648932549019
Montenegro,2019,670.6107824586032
Montenegro,2022,745.5972425288534
Myanmar,2015,104.8497340423954
Myanmar,2017,125.36734253789633
Myanmar,2018,132.54850531474236
Myanmar,2019,138.33462419748992
Myanmar,2020,157.22541800291046
Namibia,2012,569.2199714722307
Namibia,2013,747.5266600513329
Namibia,2014,591.4646813406484
Namibia,2016,384.2452686946325
Namibia,2018,408.6932779538461
Nepal,2017,166.85731923672316
Netherlands,2010,5505.973088583475
Netherlands,2011,5568.622777898882
Netherlands,2012,5572.94688030586
Netherlands,2013,5862.914662569868
Netherlands,2014,6211.485127105762
Netherlands,2015,5135.4081520800755
Netherlands,2016,5344.108304537904
Netherlands,2017,5679.456299169473
Netherlands,2018,5988.915557843026
Netherlands,2019,5887.634377819492
Netherlands,2020,6195.09237015244
Netherlands,2021,6487.400382453385
Netherlands,2022,6015.889957478623
Netherlands,2023,6251.02910775109
New Caledonia,2017,2035.8805666183343
New Zealand,2010,3134.3810139491834
New Zealand,2014,4081.519785416044
New Zealand,2015,3514.7056259697692
New Zealand,2016,3571.117801639373
New Zealand,2017,3730.2607037758617
New Zealand,2018,3757.1137801200566
New Zealand,2019,3663.015729226715
New Zealand,2020,3683.388544531938
New Zealand,2021,4236.808600933654
New Zealand,2022,4013.4839534613475
Nicaragua,2012,179.17922827709373
Nicaragua,2013,204.06294239549845
Nicaragua,2014,369.11594345789405
Niger,2011,111.30734422827659
Niger,2012,114.12507026434872
Niger,2019,93.70291693612337
Niger,2022,71.65058585014914
Nigeria,2011,150.99083272402308
Nigeria,2013,268.4402046892045
Nigeria,2019,110.47034369866999
North Macedonia,2010,466.0819070937515
North Macedonia,2014,569.1781452834165
Norway,2010,930.0056252585148
Norway,2011,1133.7838053938056
Norway,2012,1212.0648044692737
Norway,2013,1222.5986382978724
Norway,2014,1242.7444062417342
Norway,2015,917.2236023561017
Norway,2016,815.6095238095238
Norway,2017,759.0732621398355
Norway,2018,825.5205656317246
Norway,2019,813.4660227272727
Norway,2020,734.7178688379497
Norway,2021,734.3738067520372
Norway,2022,722.1357025223193
Norway,2023,697.7190596402672
Pakistan,2010,92.1884866616246
Pakistan,2011,101.98547543596763
Pakistan,2012,100.4072401890997
Pakistan,2013,112.67126859999138
Pakistan,2014,120.23978603338037
Pakistan,2015,136.53969499732912
Pakistan,2016,117.55475610322561
Pakistan,2017,161.1064803620767
Pakistan,2018,142.4954703959544
Pakistan,2019,130.70199033981544
Pakistan,2021,135.01661534800724
Panama,2010,483.772
Panama,2011,520.697
Panama,2012,569.072
Panama,2013,652.448
Panama,2014,698.116
Panama,2015,685.748
Panama,2016,688.095
Panama,2017,707.597
Panama,2018,760.242
Panama,2019,760.329
Panama,2020,800.911
Panama,2021,726.717
Panama,2022,804.83
Panama,2023,822.049
Paraguay,2010,291.6464891654321
Paraguay,2011,375.7752577290426
Paraguay,2012,365.13643960862015
Paraguay,2013,399.58599953136434
Paraguay,2014,465.09807659620634
Paraguay,2015,391.9331020024515
Paraguay,2016,356.18071385626206
Paraguay,2017,424.2431166902419
Paraguay,2018,430.0771008330678
Paraguay,2019,400.2452629044737
Paraguay,2020,359.80592908531236
Paraguay,2021,370.23001146666337
Paraguay,2022,373.48066133687126
Paraguay,2023,384.00508519879
Peru,2010,363.0890668554489
Peru,2011,385.73799063214847
Peru,2012,438.6726410987084
Peru,2013,460.0038669290916
Peru,2014,448.84473017896727
Peru,2015,427.19860447067146
Peru,2016,421.8998567011377
Peru,2017,460.6315907027504
Peru,2018,448.3392534430466
Peru,2019,476.3052198976315
Peru,2020,412.02667471237777
Peru,2021,422.8205417194513
Peru,2022,386.56685437785274
Peru,2023,449.93301122884674
Philippines,2012,238.15474874725854
Philippines,2013,246.88197636144596
Philippines,2014,238.5085752252009
Philippines,2015,239.55430065156085
Philippines,2016,246.03859329791825
Philippines,2017,238.056993593071
Philippines,2018,241.39004601871983
Philippines,2019,260.56831867465536
Philippines,2020,277.9969835474301
Philippines,2021,285.54116059229636
Philippines,2022,270.8120341764044
Poland,2010,236.6928663814546
Poland,2011,272.33798713924983
Poland,2012,252.08214235449134
Poland,2013,260.9440140900771
Poland,2014,277.27451161684843
Poland,2015,232.621833134368
Poland,2016,230.7730156784332
Poland,2017,243.19765390721489
Poland,2018,267.50714111018283
Poland,2019,281.49529545824515
Poland,2020,297.92127256292594
Poland,2021,296.6726366441531
Poland,2022,284.13496320086165
Poland,2023,324.44175719609837
Portugal,2010,885.0113266000228
Portugal,2011,972.6245571109035
Portugal,2012,906.1575959074221
Portugal,2013,931.5858206011865
Portugal,2014,946.0758915395895
Portugal,2015,804.5732582527339
Portugal,2016,823.5016019568342
Portugal,2017,860.0217609223622
Portugal,2018,933.3154348250807
Portugal,2019,917.9769343607663
Portugal,2020,997.7825439143826
Portugal,2021,1076.6662453681997
Portugal,2022,1011.3626547431945
Portugal,2023,1063.561772407862
Puerto Rico,2010,2102.042
Puerto Rico,2011,2182.796
Puerto Rico,2012,2223.845
Puerto Rico,2013,2307.587
Puerto Rico,2014,2512.006
Puerto Rico,2015,2301.915
Puerto Rico,2016,2167.685
Puerto Rico,2017,2133.218
Puerto Rico,2018,2040.729
Puerto Rico,2019,2139.67
Puerto Rico,2020,2011.631
Puerto Rico,2021,2017.563
Puerto Rico,2022,2123.302
Qatar,2011,1812.9120879120878
Qatar,2012,1817.032967032967
Qatar,2013,2093.4065934065934
Qatar,2014,2228.846153846154
Qatar,2015,2709.3406593406594
Qatar,2016,2354.120879120879
Qatar,2017,2429.395604395604
Qatar,2018,2541.7582417582416
Qatar,2019,2666.7582417582416
Qatar,2020,2709.6153846153843
Qatar,2022,2712.912087912088
Romania,2010,95.5549262091318
Romania,2011,101.80317248580647
Romania,2012,92.42575399342599
Romania,2013,92.9665706773506
Romania,2014,97.91336672464114
Romania,2015,88.16260297911306
Romania,2016,92.0603898156855
Romania,2017,101.81489166130318
Romania,2018,129.32992807519747
Romania,2019,167.98551177757983
Romania,2020,174.41881561972895
Romania,2021,201.30339509263928
Romania,2022,193.41960872138594
Romania,2023,245.4513358170207
Russian Federation,2010,628.2288325512792
Russian Federation,2011,741.2955872042694
Russian Federation,2012,794.8162789942419
Russian Federation,2013,849.4794729569226
Russian Federation,2014,768.952022405591
Russian Federation,2015,523.6499921309253
Russian Federation,2016,515.8678476376441
Russian Federation,2017,712.5986266591273
Russian Federation,2019,743.1068907728749
Russian Federation,2021,810.4205657914299
Rwanda,2014,99.92823735865596
Rwanda,2017,74.02927873421636
Rwanda,2021,69.43622752035954
Rwanda,2022,55.23977921389991
Rwanda,2023,64.86560184316835
Samoa,2012,557.1663141409441
Samoa,2017,296.49576608496636
Samoa,2022,507.01643467347935
San Marino,2016,2432.9730420233523
San Marino,2017,2490.9469941176512
San Marino,2018,2707.92869098039
San Marino,2019,2543.618861011597
San Marino,2020,2476.4232448825915
San Marino,2021,2753.802385970511
San Marino,2022,2499.6962559817835
Senegal,2011,159.48357809074002
Senegal,2019,136.78054209117423
Senegal,2022,156.87108971140952
Serbia,2013,5.984029256699806
Serbia,2014,7.941581939319823
Serbia,2015,6.37219850764752
Serbia,2016,6.440518036608363
Serbia,2017,7.030429519245984
Serbia,2018,7.409907105135684
Serbia,2019,8.023359084563088
Serbia,2020,6.450094692112281
Serbia,2021,7.057229784616456
Serbia,2022,6.520211035338603
Seychelles,2010,478.29933696322996
Seychelles,2011,547.692635858213
Seychelles,2012,565.1621686004856
Seychelles,2018,767.5156679250509
Seychelles,2019,774.7914417544047
Seychelles,2022,823.9451621730714
Sierra Leone,2018,216084.65875344878
Singapore,2010,3126.4935430048786
Singapore,2011,2844.7039451775313
Singapore,2012,3016.7814581303114
Singapore,2013,3326.1408135539036
Singapore,2014,3322.678663036186
Singapore,2015,3227.319840706999
Singapore,2016,3309.335191593618
Singapore,2017,3258.6853015189095
Singapore,2018,3469.6437066371677
Singapore,2019,3665.2636851782936
Singapore,2020,3540.5178505638046
Singapore,2021,3644.258085325469
Slovak Republic,2010,1232.0256184000318
Slovak Republic,2011,1258.5098947762758
Slovak Republic,2012,1265.026052524219
Slovak Republic,2013,1277.263071376092
Slovak Republic,2014,1434.3610408109525
Slovak Republic,2015,1194.26303277539
Slovak Republic,2016,1185.30395341988
Slovak Republic,2017,1169.7679130176596
Slovak Republic,2018,1330.6062462407597
Slovak Republic,2019,1384.4709183921298
Slovak Republic,2020,1563.5819506396663
Slovak Republic,2021,1591.0210823759435
Slovak Republic,2022,1357.3101933424177
Slovak Republic,2023,1423.8339914627702
Slovenia,2010,2231.2540644167243
Slovenia,2011,2480.382135340489
Slovenia,2012,2432.38889415586
Slovenia,2013,2580.777723915322
Slovenia,2014,2678.610962385046
Slovenia,2015,2263.8589781343735
Slovenia,2016,2244.4032415261377
Slovenia,2017,2323.0955758741425
Slovenia,2018,2452.052458295641
Slovenia,2019,2486.8476940077944
Slovenia,2020,2640.1737416793394
Slovenia,2021,2857.2049040697216
Slovenia,2022,2735.543410075886
Slovenia,2023,3009.543627872602
South Africa,2011,826.7305828624161
South Africa,2012,846.4100553918254
South Africa,2013,985.0786916094872
South Africa,2015,305.66824417533644
South Africa,2017,325.2074886100206
South Africa,2018,302.25345505652047
South Africa,2019,299.8942364837231
Spain,2010,2695.699012833403
Spain,2011,2940.853460603139
Spain,2012,2759.3663263593753
Spain,2013,2912.1511434078748
Spain,2014,2902.667933662689
Spain,2015,2440.218271124999
Spain,2016,2373.930829984507
Spain,2017,2473.504716752968
Spain,2018,2646.3064846587745
Spain,2019,3140.9835174744485
Spain,2020,3410.396554807733
Spain,2021,3339.1822250890937
Spain,2022,3237.9792415447596
Spain,2023,3604.4760082628086
Sri Lanka,2010,106.39291802561357
Sri Lanka,2011,126.05491610645065
Sri Lanka,2013,132.55653874782814
Sri Lanka,2014,139.51968688523277
Sri Lanka,2015,150.48333264082575
Sri Lanka,2016,160.31889455640683
Sri Lanka,2017,170.32339644752926
Sri Lanka,2018,165.87175349508098
Sri Lanka,2019,169.20552005737935
Sri Lanka,2020,166.31825850412136
Sri Lanka,2021,172.72892109116546
Sri Lanka,2022,117.90932858139224
Sudan,2011,180.9223168015688
Sudan,2022,948.6615369828946
Suriname,2013,12606.060606060606
Suriname,2014,12838.181818181818
Suriname,2015,12448.975609756086
Suriname,2016,8450.814648893014
Suriname,2017,8122.696658497616
Sweden,2010,426.6209767593562
Sweden,2011,533.9380707913454
Sweden,2012,584.2564943575165
Sweden,2013,675.4650196769361
Sweden,2014,600.2563846556917
Sweden,2015,488.44336027285254
Sweden,2016,498.3172334318629
Sweden,2017,495.5588917158847
Sweden,2018,484.8735243775731
Sweden,2019,428.8485155839826
Sweden,2020,446.8791424152344
Sweden,2021,502.3018117408346
Sweden,2022,457.96093777844055
Sweden,2023,426.22792185722494
Switzerland,2010,5759.2554269619195
Switzerland,2011,6879.1946843128535
Switzerland,2012,6716.44687479065
Switzerland,2013,6766.451606716207
Switzerland,2014,6868.070520310311
Switzerland,2015,6662.18453478868
Switzerland,2016,6548.543443810872
Switzerland,2017,6477.952658615639
Switzerland,2018,6582.972551492579
Switzerland,2019,6531.169498788627
Switzerland,2020,7117.936238304942
Switzerland,2021,7404.81572840058
Switzerland,2022,7223.9413719160175
Switzerland,2023,7846.760676245701
Tajikistan,2019,165.81523620986945
Tanzania,2010,174.77667210031348
Tanzania,2011,127.00126276138118
Tanzania,2012,141.2894760338872
Tanzania,2014,148.94177209575017
Tanzania,2020,141.2134287646297
Thailand,2011,283.2243056041422
Thailand,2012,331.53072771879425
Thailand,2013,433.87198016010296
Thailand,2014,416.39031398970684
Thailand,2015,311.58950256051105
Thailand,2016,393.1128260071975
Thailand,2017,411.6508184640523
Thailand,2018,441.6117706335399
Thailand,2019,469.0196436699953
Thailand,2020,463.71673600570165
Thailand,2021,463.0422720239462
Thailand,2022,456.2410432612126
Thailand,2023,464.5238606890932
Timor-Leste,2010,284.223
Timor-Leste,2013,408.748
Timor-Leste,2016,352.7
Timor-Leste,2021,175.769
Togo,2011,130.56801153770968
Togo,2015,188.06367225039318
Togo,2017,85.65370166677901
Togo,2019,75.73037372885257
Togo,2022,85.19346299924996
Tonga,2018,749.165415915945
Tonga,2021,548.5016155367397
Tonga,2023,927.0804652530743
Trinidad and Tobago,2011,749.268168326042
Trinidad and Tobago,2012,775.4443418660807
Trinidad and Tobago,2013,799.24882872837
Trinidad and Tobago,2014,848.6992871689757
Trinidad and Tobago,2015,869.7003108613299
Trinidad and Tobago,2016,842.944384187455
Tunisia,2019,196.19392727727123
Turkiye,2010,573.3285328861627
Turkiye,2011,568.4022882170095
Turkiye,2012,583.2346599027196
Turkiye,2013,611.9216478274213
Turkiye,2014,585.7880521754988
Turkiye,2015,523.528138015208
Turkiye,2016,559.9028325059909
Turkiye,2017,509.4156889973365
Turkiye,2018,443.2394233977473
Turkiye,2019,454.6263918142211
Turkiye,2020,431.879071586634
Turkiye,2021,411.9019355549646
Turkiye,2022,376.9726037132955
Turkiye,2023,548.3978658651899
Uganda,2010,229.12427912202588
Uganda,2011,272.85491969882605
Uganda,2012,85.47789469394245
Uganda,2014,293.1185408953703
Uganda,2017,98.25173016027932
Uganda,2019,74.79860731787794
Uganda,2021,79.3682849392745
Ukraine,2010,287.437455286763
Ukraine,2011,346.279038862093
Ukraine,2012,386.05789959140867
Ukraine,2013,413.48680095083193
Ukraine,2014,300.3366946809613
Ukraine,2015,204.94675860572224
Ukraine,2016,216.93583492317123
Ukraine,2017,274.4335092105341
Ukraine,2018,338.08211584209477
Ukraine,2019,426.03013837254656
Ukraine,2020,426.33736824534367
Ukraine,2021,492.2636800360409
United Kingdom,2010,3355.4995456790525
United Kingdom,2011,3615.4051630395415
United Kingdom,2012,3675.9846282508165
United Kingdom,2013,3741.4186269364627
United Kingdom,2014,3905.081955919559
United Kingdom,2015,3708.617778497122
United Kingdom,2016,3381.2847264750635
United Kingdom,2017,3283.2735627324146
United Kingdom,2018,3579.0488537280166
United Kingdom,2019,3403.4420100718994
United Kingdom,2020,3721.2802246519404
United Kingdom,2021,3904.04188888078
United Kingdom,2022,3678.3331549535487
United Kingdom,2023,4011.8768315399107
United States,2010,3921.023
United States,2011,3984.128
United States,2012,4064.83
United States,2013,4126.897
United States,2014,4154.021
United States,2015,4271.417
United States,2016,4362.4
United States,2017,4513.848
United States,2018,4646.116
United States,2019,4778.43
United States,2020,5057.601
United States,2021,5160.84
United States,2022,5457.936
United States,2023,5911.885
Uruguay,2010,727.9280033799827
Uruguay,2011,842.0156145842561
Uruguay,2012,887.6780691831718
Uruguay,2013,1047.8661954037646
Uruguay,2014,1044.105217988882
Uruguay,2015,1000.204825199646
Uruguay,2016,905.893855304251
Uruguay,2017,1141.37618390035
Uruguay,2018,1109.0459071269008
Uruguay,2019,1044.4775300220178
Uruguay,2020,907.054707885103
Uruguay,2022,1115.575673055321
Uruguay,2023,1281.6440038034964
Uzbekistan,2010,
Uzbekistan,2011,
Uzbekistan,2012,
Uzbekistan,2013,534.8962840094892
Uzbekistan,2014,580.9011945525591
Uzbekistan,2015,606.8793270733074
Uzbekistan,2016,577.3897885492105
Uzbekistan,2017,405.4025087236321
Uzbekistan,2018,339.1788297674196
Uzbekistan,2019,374.90865192809036
Uzbekistan,2020,339.025787246755
Uzbekistan,2021,373.47876895959456
Uzbekistan,2022,431.39748752560826
Vanuatu,2010,439.8790096915391
"Venezuela, RB",2010,680.241661328654
"Venezuela, RB",2011,514.9355372671532
"Venezuela, RB",2012,659.7360874734806
"Venezuela, RB",2016,2418.3739877413896
"Venezuela, RB",2017,26244.0656641604
"Venezuela, RB",2020,
Viet Nam,2010,124.66440722616441
Viet Nam,2011,149.13820451248796
Viet Nam,2012,174.41796077395813
Viet Nam,2013,186.57394787441103
Viet Nam,2014,205.09502047474936
Viet Nam,2015,240.54920184025235
Viet Nam,2016,254.48591342276794
Viet Nam,2017,241.0715386291154
Viet Nam,2018,257.0664722447743
Viet Nam,2019,287.0338875261246
Viet Nam,2020,307.6124490297003
Viet Nam,2021,288.13445555116425
Viet Nam,2022,320.6706831025672
Viet Nam,2023,327.219662016698
Virgin Islands (U.S.),2010,5164.391
Virgin Islands (U.S.),2011,6296.513
Virgin Islands (U.S.),2012,5843.162
Virgin Islands (U.S.),2013,4634.875
Virgin Islands (U.S.),2014,3540.641
Virgin Islands (U.S.),2015,2976.832
Virgin Islands (U.S.),2016,2667.756
Virgin Islands (U.S.),2017,2940.633
Virgin Islands (U.S.),2018,2790.036
Virgin Islands (U.S.),2019,3184.369
Virgin Islands (U.S.),2020,2842.082
Virgin Islands (U.S.),2021,2731.494
Virgin Islands (U.S.),2022,3436.201
West Bank and Gaza,2015,
West Bank and Gaza,2016,
West Bank and Gaza,2017,
West Bank and Gaza,2018,
West Bank and Gaza,2019,
West Bank and Gaza,2020,
West Bank and Gaza,2021,
West Bank and Gaza,2022,
"Yemen, Rep.",2010,167.2935926043991
"Yemen, Rep.",2014,287.86113825678257
Zambia,2017,361.48768058838976
Zambia,2018,233.10205577689317
Zambia,2019,282.8567106283941
Zambia,2020,132.8784174353531
Zambia,2021,134.68720467059796
Zambia,2022,166.66806075190274
Zambia,2023,149.55528042827015
Zimbabwe,2011,
Zimbabwe,2014,
Zimbabwe,2015,
Zimbabwe,2021,202.07425716324363
Zimbabwe,2022,107.10762963529939
Zimbabwe,2023,117.86288675103357
